Workbook

Sheet MARKS
D2: ABU-RAYYAN ACADEMY
D3: TERM 3 WEEKLY ASSESSMENTS MARKLIST
D4: Asseeement 2
B6: # | C6: STUDENT NAME | D6: GENDER | E6: ENG | F6: KIS | G6: MATHS | H6: SCIE | I6: AGRI | J6: SST | K6: CAS | L6: IRE | M6: TOTAL | N6: RANK
B7: 1 | C7: Anisa Adan | D7: F | E7: 90 | F7: 83 | G7: 80 | H7: 66 | I7: 67 | J7: 87 | K7: 80 | L7: 93 | M7: =SUM(E7:L7) -> 646 | N7: =_xlfn.RANK.EQ(M7,$M$7:$M$34) -> 1
B8: 2 | C8: Zainab Ali | D8: F | E8: 83 | F8: 66 | G8: 83 | H8: 69 | I8: 60 | J8: 87 | K8: 85 | L8: 87 | M8: =SUM(E8:L8) -> 620 | N8: =_xlfn.RANK.EQ(M8,$M$7:$M$34) -> 2
B9: 3 | C9: Ibrahim Abdi | D9: M | E9: 67 | F9: 73 | G9: 70 | H9: 77 | I9: 60 | J9: 80 | K9: 90 | L9: 87 | M9: =SUM(E9:L9) -> 604 | N9: =_xlfn.RANK.EQ(M9,$M$7:$M$34) -> 3
B10: 4 | C10: Sharmake Mohammed | D10: M | E10: 77 | F10: 73 | G10: 67 | H10: 83 | I10: 60 | J10: 67 | K10: 75 | L10: 83 | M10: =SUM(E10:L10) -> 585 | N10: =_xlfn.RANK.EQ(M10,$M$7:$M$34) -> 4
B11: 5 | C11: Ramadhan Ali | D11: M | E11: 63 | F11: 90 | G11: 73 | H11: 63 | I11: 67 | J11: 87 | K11: 55 | L11: 80 | M11: =SUM(E11:L11) -> 578 | N11: =_xlfn.RANK.EQ(M11,$M$7:$M$34) -> 5
B12: 6 | C12: Hamdi Hassan | D12: M | E12: 60 | F12: 73 | G12: 83 | H12: 66 | I12: 67 | J12: 80 | K12: 65 | L12: 80 | M12: =SUM(E12:L12) -> 574 | N12: =_xlfn.RANK.EQ(M12,$M$7:$M$34) -> 6
B13: 7 | C13: Sabrina Abdurahman | D13: F | E13: 73 | F13: 70 | G13: 60 | H13: 74 | I13: 60 | J13: 73 | K13: 80 | L13: 80 | M13: =SUM(E13:L13) -> 570 | N13: =_xlfn.RANK.EQ(M13,$M$7:$M$34) -> 7
B14: 8 | C14: Najma Yusuf | D14: F | E14: 60 | F14: 70 | G14: 53 | H14: 66 | I14: 60 | J14: 87 | K14: 80 | L14: 80 | M14: =SUM(E14:L14) -> 556 | N14: =_xlfn.RANK.EQ(M14,$M$7:$M$34) -> 8
B15: 9 | C15: Hafsa Ibrahim | D15: F | E15: 70 | F15: 63 | G15: 63 | H15: 66 | I15: 60 | J15: 73 | K15: 65 | L15: 87 | M15: =SUM(E15:L15) -> 547 | N15: =_xlfn.RANK.EQ(M15,$M$7:$M$34) -> 9
B16: 10 | C16: Hafsa Haret | D16: F | E16: 53 | F16: 80 | G16: 73 | H16: 71 | I16: 67 | J16: 80 | K16: 55 | L16: 63 | M16: =SUM(E16:L16) -> 542 | N16: =_xlfn.RANK.EQ(M16,$M$7:$M$34) -> 10
B17: 11 | C17: Mohammed Abdulaziz | D17: M | E17: 60 | F17: 86 | G17: 60 | H17: 66 | I17: 47 | J17: 87 | K17: 65 | L17: 67 | M17: =SUM(E17:L17) -> 538 | N17: =_xlfn.RANK.EQ(M17,$M$7:$M$34) -> 11
B18: 12 | C18: Mohammed Hassan | D18: M | E18: 70 | F18: 80 | G18: 70 | H18: 57 | I18: 53 | J18: 67 | K18: 60 | L18: 77 | M18: =SUM(E18:L18) -> 534 | N18: =_xlfn.RANK.EQ(M18,$M$7:$M$34) -> 12
... B34: 28 | C34: Balqis Abdirahman | D34: F | E34: 43 | F34: 26 | G34: 27 | H34: 29 | I34: 33 | J34: 40 | K34: 45 | L34: 17 | M34: =SUM(E34:L34) -> 260 | N34: =_xlfn.RANK.EQ(M34,$M$7:$M$34) -> 28
C35: TOTAL | E35: =SUM(E7:E34) -> 1678 | F35: =SUM(F7:F34) -> 1889 | G35: =SUM(G7:G34) -> 1606 | H35: =SUM(H7:H34) -> 1753 | I35: =SUM(I7:I34) -> 1548 | J35: =SUM(J7:J34) -> 1790 | K35: =SUM(K7:K34) -> 1730 | L35: =SUM(L7:L34) -> 1807
C36: MEAN SCORE | E36: =AVERAGE(E7:E34) -> 59.928571 | F36: =AVERAGE(F7:F34) -> 67.464286 | G36: =AVERAGE(G7:G34) -> 57.357143 | H36: =AVERAGE(H7:H34) -> 62.607143 | I36: =AVERAGE(I7:I34) -> 55.285714 | J36: =AVERAGE(J7:J34) -> 63.928571 | K36: =AVERAGE(K7:K34) -> 61.785714 | L36: =AVERAGE(L7:L34) -> 64.535714
C37: RANK | E37: =_xlfn.RANK.EQ(E36,$E$36:$L$36) -> 6 | F37: =_xlfn.RANK.EQ(F36,$E$36:$L$36) -> 1 | G37: =_xlfn.RANK.EQ(G36,$E$36:$L$36) -> 7 | H37: =_xlfn.RANK.EQ(H36,$E$36:$L$36) -> 4 | I37: =_xlfn.RANK.EQ(I36,$E$36:$L$36) -> 8 | J37: =_xlfn.RANK.EQ(J36,$E$36:$L$36) -> 3 | K37: =_xlfn.RANK.EQ(K36,$E$36:$L$36) -> 5 | L37: =_xlfn.RANK.EQ(L36,$E$36:$L$36) -> 2
B39: Printed on | D39: Monday, September 29, 2025 | K39: Mr. Wekesa

Sheet Grades
D2: ABU-RAYYAN ACADEMY
D3: TERM 3 WEEKLY ASSESSMENTS MARKLIST
D4: Assessment 2 | K4: Grade 6
B6: =MARKS!B6 -> # | C6: =MARKS!C6 -> STUDENT NAME | D6: =MARKS!D6 -> GENDER | E6: =MARKS!E6 -> ENG | F6: =MARKS!F6 -> KIS | G6: =MARKS!G6 -> MATHS | H6: =MARKS!H6 -> SCIE | I6: =MARKS!I6 -> AGRI | ... L6: =MARKS!L6 -> IRE | M6: TOTAL POINTS | N6: RANK
B7: =MARKS!B7 -> 1 | C7: =MARKS!C7 -> Anisa Adan | D7: =MARKS!D7 -> F | E7: =IF(NOT(ISBLANK(MARKS!E7)),IF(MARKS!E7>=75,4,IF(MARKS!E7>=50,3,IF(MARKS!E7>=25,2,1))),"") -> 4 | F7: =IF(NOT(ISBLANK(MARKS!F7)),IF(MARKS!F7>=75,4,IF(MARKS!F7>=50,3,IF(MARKS!F7>=25,2,1))),"") -> 4 | G7: =IF(NOT(ISBLANK(MARKS!G7)),IF(MARKS!G7>=75,4,IF(MARKS!G7>=50,3,IF(MARKS!G7>=25,2,1))),"") -> 4 | H7: =IF(NOT(ISBLANK(MARKS!H7)),IF(MARKS!H7>=75,4,IF(MARKS!H7>=50,3,IF(MARKS!H7>=25,2,1))),"") -> 3 | I7: =IF(NOT(ISBLANK(MARKS!I7)),IF(MARKS!I7>=75,4,IF(MARKS!I7>=50,3,IF(MARKS!I7>=25,2,1))),"") -> 3 | J7: =IF(NOT(ISBLANK(MARKS!J7)),IF(MARKS!J7>=75,4,IF(MARKS!J7>=50,3,IF(MARKS!J7>=25,2,1))),"") -> 4 | K7: =IF(NOT(ISBLANK(MARKS!K7)),IF(MARKS!K7>=75,4,IF(MARKS!K7>=50,3,IF(MARKS!K7>=25,2,1))),"") -> 4 | L7: =IF(NOT(ISBLANK(MARKS!L7)),IF(MARKS!L7>=75,4,IF(MARKS!L7>=50,3,IF(MARKS!L7>=25,2,1))),"") -> 4 | M7: =SUM(E7:L7) -> 30 | N7: =_xlfn.RANK.EQ(M7,$M$7:$M$34) -> 1
B8: =MARKS!B8 -> 2 | C8: =MARKS!C8 -> Zainab Ali | D8: =MARKS!D8 -> F | E8: =IF(NOT(ISBLANK(MARKS!E8)),IF(MARKS!E8>=75,4,IF(MARKS!E8>=50,3,IF(MARKS!E8>=25,2,1))),"") -> 4 | F8: =IF(NOT(ISBLANK(MARKS!F8)),IF(MARKS!F8>=75,4,IF(MARKS!F8>=50,3,IF(MARKS!F8>=25,2,1))),"") -> 3 | G8: =IF(NOT(ISBLANK(MARKS!G8)),IF(MARKS!G8>=75,4,IF(MARKS!G8>=50,3,IF(MARKS!G8>=25,2,1))),"") -> 4 | H8: =IF(NOT(ISBLANK(MARKS!H8)),IF(MARKS!H8>=75,4,IF(MARKS!H8>=50,3,IF(MARKS!H8>=25,2,1))),"") -> 3 | I8: =IF(NOT(ISBLANK(MARKS!I8)),IF(MARKS!I8>=75,4,IF(MARKS!I8>=50,3,IF(MARKS!I8>=25,2,1))),"") -> 3 | J8: =IF(NOT(ISBLANK(MARKS!J8)),IF(MARKS!J8>=75,4,IF(MARKS!J8>=50,3,IF(MARKS!J8>=25,2,1))),"") -> 4 | K8: =IF(NOT(ISBLANK(MARKS!K8)),IF(MARKS!K8>=75,4,IF(MARKS!K8>=50,3,IF(MARKS!K8>=25,2,1))),"") -> 4 | L8: =IF(NOT(ISBLANK(MARKS!L8)),IF(MARKS!L8>=75,4,IF(MARKS!L8>=50,3,IF(MARKS!L8>=25,2,1))),"") -> 4 | M8: =SUM(E8:L8) -> 29 | N8: =_xlfn.RANK.EQ(M8,$M$7:$M$34) -> 2
B9: =MARKS!B9 -> 3 | C9: =MARKS!C10 -> Sharmake Mohammed | D9: =MARKS!D10 -> M | E9: =IF(NOT(ISBLANK(MARKS!E9)),IF(MARKS!E9>=75,4,IF(MARKS!E9>=50,3,IF(MARKS!E9>=25,2,1))),"") -> 3 | F9: =IF(NOT(ISBLANK(MARKS!F9)),IF(MARKS!F9>=75,4,IF(MARKS!F9>=50,3,IF(MARKS!F9>=25,2,1))),"") -> 3 | G9: =IF(NOT(ISBLANK(MARKS!G9)),IF(MARKS!G9>=75,4,IF(MARKS!G9>=50,3,IF(MARKS!G9>=25,2,1))),"") -> 3 | H9: =IF(NOT(ISBLANK(MARKS!H9)),IF(MARKS!H9>=75,4,IF(MARKS!H9>=50,3,IF(MARKS!H9>=25,2,1))),"") -> 4 | I9: =IF(NOT(ISBLANK(MARKS!I9)),IF(MARKS!I9>=75,4,IF(MARKS!I9>=50,3,IF(MARKS!I9>=25,2,1))),"") -> 3 | J9: =IF(NOT(ISBLANK(MARKS!J9)),IF(MARKS!J9>=75,4,IF(MARKS!J9>=50,3,IF(MARKS!J9>=25,2,1))),"") -> 4 | K9: =IF(NOT(ISBLANK(MARKS!K9)),IF(MARKS!K9>=75,4,IF(MARKS!K9>=50,3,IF(MARKS!K9>=25,2,1))),"") -> 4 | L9: =IF(NOT(ISBLANK(MARKS!L9)),IF(MARKS!L9>=75,4,IF(MARKS!L9>=50,3,IF(MARKS!L9>=25,2,1))),"") -> 4 | M9: =SUM(E9:L9) -> 28 | N9: =_xlfn.RANK.EQ(M9,$M$7:$M$34) -> 3
B10: =MARKS!B10 -> 4 | C10: =MARKS!C9 -> Ibrahim Abdi | D10: =MARKS!D9 -> M | E10: =IF(NOT(ISBLANK(MARKS!E10)),IF(MARKS!E10>=75,4,IF(MARKS!E10>=50,3,IF(MARKS!E10>=25,2,1))),"") -> 4 | F10: =IF(NOT(ISBLANK(MARKS!F10)),IF(MARKS!F10>=75,4,IF(MARKS!F10>=50,3,IF(MARKS!F10>=25,2,1))),"") -> 3 | G10: =IF(NOT(ISBLANK(MARKS!G10)),IF(MARKS!G10>=75,4,IF(MARKS!G10>=50,3,IF(MARKS!G10>=25,2,1))),"") -> 3 | H10: =IF(NOT(ISBLANK(MARKS!H10)),IF(MARKS!H10>=75,4,IF(MARKS!H10>=50,3,IF(MARKS!H10>=25,2,1))),"") -> 4 | I10: =IF(NOT(ISBLANK(MARKS!I10)),IF(MARKS!I10>=75,4,IF(MARKS!I10>=50,3,IF(MARKS!I10>=25,2,1))),"") -> 3 | J10: =IF(NOT(ISBLANK(MARKS!J10)),IF(MARKS!J10>=75,4,IF(MARKS!J10>=50,3,IF(MARKS!J10>=25,2,1))),"") -> 3 | K10: =IF(NOT(ISBLANK(MARKS!K10)),IF(MARKS!K10>=75,4,IF(MARKS!K10>=50,3,IF(MARKS!K10>=25,2,1))),"") -> 4 | L10: =IF(NOT(ISBLANK(MARKS!L10)),IF(MARKS!L10>=75,4,IF(MARKS!L10>=50,3,IF(MARKS!L10>=25,2,1))),"") -> 4 | M10: =SUM(E10:L10) -> 28 | N10: =_xlfn.RANK.EQ(M10,$M$7:$M$34) -> 3
B11: =MARKS!B11 -> 5 | C11: =MARKS!C11 -> Ramadhan Ali | D11: =MARKS!D11 -> M | E11: =IF(NOT(ISBLANK(MARKS!E11)),IF(MARKS!E11>=75,4,IF(MARKS!E11>=50,3,IF(MARKS!E11>=25,2,1))),"") -> 3 | F11: =IF(NOT(ISBLANK(MARKS!F11)),IF(MARKS!F11>=75,4,IF(MARKS!F11>=50,3,IF(MARKS!F11>=25,2,1))),"") -> 4 | G11: =IF(NOT(ISBLANK(MARKS!G11)),IF(MARKS!G11>=75,4,IF(MARKS!G11>=50,3,IF(MARKS!G11>=25,2,1))),"") -> 3 | H11: =IF(NOT(ISBLANK(MARKS!H11)),IF(MARKS!H11>=75,4,IF(MARKS!H11>=50,3,IF(MARKS!H11>=25,2,1))),"") -> 3 | I11: =IF(NOT(ISBLANK(MARKS!I11)),IF(MARKS!I11>=75,4,IF(MARKS!I11>=50,3,IF(MARKS!I11>=25,2,1))),"") -> 3 | J11: =IF(NOT(ISBLANK(MARKS!J11)),IF(MARKS!J11>=75,4,IF(MARKS!J11>=50,3,IF(MARKS!J11>=25,2,1))),"") -> 4 | K11: =IF(NOT(ISBLANK(MARKS!K11)),IF(MARKS!K11>=75,4,IF(MARKS!K11>=50,3,IF(MARKS!K11>=25,2,1))),"") -> 3 | L11: =IF(NOT(ISBLANK(MARKS!L11)),IF(MARKS!L11>=75,4,IF(MARKS!L11>=50,3,IF(MARKS!L11>=25,2,1))),"") -> 4 | M11: =SUM(E11:L11) -> 27 | N11: =_xlfn.RANK.EQ(M11,$M$7:$M$34) -> 5
B12: =MARKS!B12 -> 6 | C12: =MARKS!C15 -> Hafsa Ibrahim | D12: =MARKS!D15 -> F | E12: =IF(NOT(ISBLANK(MARKS!E12)),IF(MARKS!E12>=75,4,IF(MARKS!E12>=50,3,IF(MARKS!E12>=25,2,1))),"") -> 3 | F12: =IF(NOT(ISBLANK(MARKS!F12)),IF(MARKS!F12>=75,4,IF(MARKS!F12>=50,3,IF(MARKS!F12>=25,2,1))),"") -> 3 | G12: =IF(NOT(ISBLANK(MARKS!G12)),IF(MARKS!G12>=75,4,IF(MARKS!G12>=50,3,IF(MARKS!G12>=25,2,1))),"") -> 4 | H12: =IF(NOT(ISBLANK(MARKS!H12)),IF(MARKS!H12>=75,4,IF(MARKS!H12>=50,3,IF(MARKS!H12>=25,2,1))),"") -> 3 | I12: =IF(NOT(ISBLANK(MARKS!I12)),IF(MARKS!I12>=75,4,IF(MARKS!I12>=50,3,IF(MARKS!I12>=25,2,1))),"") -> 3 | J12: =IF(NOT(ISBLANK(MARKS!J12)),IF(MARKS!J12>=75,4,IF(MARKS!J12>=50,3,IF(MARKS!J12>=25,2,1))),"") -> 4 | K12: =IF(NOT(ISBLANK(MARKS!K12)),IF(MARKS!K12>=75,4,IF(MARKS!K12>=50,3,IF(MARKS!K12>=25,2,1))),"") -> 3 | L12: =IF(NOT(ISBLANK(MARKS!L12)),IF(MARKS!L12>=75,4,IF(MARKS!L12>=50,3,IF(MARKS!L12>=25,2,1))),"") -> 4 | M12: =SUM(E12:L12) -> 27 | N12: =_xlfn.RANK.EQ(M12,$M$7:$M$34) -> 5
B13: =MARKS!B13 -> 7 | C13: =MARKS!C12 -> Hamdi Hassan | D13: =MARKS!D12 -> M | E13: =IF(NOT(ISBLANK(MARKS!E13)),IF(MARKS!E13>=75,4,IF(MARKS!E13>=50,3,IF(MARKS!E13>=25,2,1))),"") -> 3 | F13: =IF(NOT(ISBLANK(MARKS!F13)),IF(MARKS!F13>=75,4,IF(MARKS!F13>=50,3,IF(MARKS!F13>=25,2,1))),"") -> 3 | G13: =IF(NOT(ISBLANK(MARKS!G13)),IF(MARKS!G13>=75,4,IF(MARKS!G13>=50,3,IF(MARKS!G13>=25,2,1))),"") -> 3 | H13: =IF(NOT(ISBLANK(MARKS!H13)),IF(MARKS!H13>=75,4,IF(MARKS!H13>=50,3,IF(MARKS!H13>=25,2,1))),"") -> 3 | I13: =IF(NOT(ISBLANK(MARKS!I13)),IF(MARKS!I13>=75,4,IF(MARKS!I13>=50,3,IF(MARKS!I13>=25,2,1))),"") -> 3 | J13: =IF(NOT(ISBLANK(MARKS!J13)),IF(MARKS!J13>=75,4,IF(MARKS!J13>=50,3,IF(MARKS!J13>=25,2,1))),"") -> 3 | K13: =IF(NOT(ISBLANK(MARKS!K13)),IF(MARKS!K13>=75,4,IF(MARKS!K13>=50,3,IF(MARKS!K13>=25,2,1))),"") -> 4 | L13: =IF(NOT(ISBLANK(MARKS!L13)),IF(MARKS!L13>=75,4,IF(MARKS!L13>=50,3,IF(MARKS!L13>=25,2,1))),"") -> 4 | M13: =SUM(E13:L13) -> 26 | N13: =_xlfn.RANK.EQ(M13,$M$7:$M$34) -> 8
B14: =MARKS!B14 -> 8 | C14: =MARKS!C13 -> Sabrina Abdurahman | D14: =MARKS!D13 -> F | E14: =IF(NOT(ISBLANK(MARKS!E14)),IF(MARKS!E14>=75,4,IF(MARKS!E14>=50,3,IF(MARKS!E14>=25,2,1))),"") -> 3 | F14: =IF(NOT(ISBLANK(MARKS!F14)),IF(MARKS!F14>=75,4,IF(MARKS!F14>=50,3,IF(MARKS!F14>=25,2,1))),"") -> 3 | G14: =IF(NOT(ISBLANK(MARKS!G14)),IF(MARKS!G14>=75,4,IF(MARKS!G14>=50,3,IF(MARKS!G14>=25,2,1))),"") -> 3 | H14: =IF(NOT(ISBLANK(MARKS!H14)),IF(MARKS!H14>=75,4,IF(MARKS!H14>=50,3,IF(MARKS!H14>=25,2,1))),"") -> 3 | I14: =IF(NOT(ISBLANK(MARKS!I14)),IF(MARKS!I14>=75,4,IF(MARKS!I14>=50,3,IF(MARKS!I14>=25,2,1))),"") -> 3 | J14: =IF(NOT(ISBLANK(MARKS!J14)),IF(MARKS!J14>=75,4,IF(MARKS!J14>=50,3,IF(MARKS!J14>=25,2,1))),"") -> 4 | K14: =IF(NOT(ISBLANK(MARKS!K14)),IF(MARKS!K14>=75,4,IF(MARKS!K14>=50,3,IF(MARKS!K14>=25,2,1))),"") -> 4 | L14: =IF(NOT(ISBLANK(MARKS!L14)),IF(MARKS!L14>=75,4,IF(MARKS!L14>=50,3,IF(MARKS!L14>=25,2,1))),"") -> 4 | M14: =SUM(E14:L14) -> 27 | N14: =_xlfn.RANK.EQ(M14,$M$7:$M$34) -> 5
B15: =MARKS!B15 -> 9 | C15: =MARKS!C14 -> Najma Yusuf | D15: =MARKS!D14 -> F | E15: =IF(NOT(ISBLANK(MARKS!E15)),IF(MARKS!E15>=75,4,IF(MARKS!E15>=50,3,IF(MARKS!E15>=25,2,1))),"") -> 3 | F15: =IF(NOT(ISBLANK(MARKS!F15)),IF(MARKS!F15>=75,4,IF(MARKS!F15>=50,3,IF(MARKS!F15>=25,2,1))),"") -> 3 | G15: =IF(NOT(ISBLANK(MARKS!G15)),IF(MARKS!G15>=75,4,IF(MARKS!G15>=50,3,IF(MARKS!G15>=25,2,1))),"") -> 3 | H15: =IF(NOT(ISBLANK(MARKS!H15)),IF(MARKS!H15>=75,4,IF(MARKS!H15>=50,3,IF(MARKS!H15>=25,2,1))),"") -> 3 | I15: =IF(NOT(ISBLANK(MARKS!I15)),IF(MARKS!I15>=75,4,IF(MARKS!I15>=50,3,IF(MARKS!I15>=25,2,1))),"") -> 3 | J15: =IF(NOT(ISBLANK(MARKS!J15)),IF(MARKS!J15>=75,4,IF(MARKS!J15>=50,3,IF(MARKS!J15>=25,2,1))),"") -> 3 | K15: =IF(NOT(ISBLANK(MARKS!K15)),IF(MARKS!K15>=75,4,IF(MARKS!K15>=50,3,IF(MARKS!K15>=25,2,1))),"") -> 3 | L15: =IF(NOT(ISBLANK(MARKS!L15)),IF(MARKS!L15>=75,4,IF(MARKS!L15>=50,3,IF(MARKS!L15>=25,2,1))),"") -> 4 | M15: =SUM(E15:L15) -> 25 | N15: =_xlfn.RANK.EQ(M15,$M$7:$M$34) -> 11
B16: =MARKS!B16 -> 10 | C16: =MARKS!C16 -> Hafsa Haret | D16: =MARKS!D16 -> F | E16: =IF(NOT(ISBLANK(MARKS!E16)),IF(MARKS!E16>=75,4,IF(MARKS!E16>=50,3,IF(MARKS!E16>=25,2,1))),"") -> 3 | F16: =IF(NOT(ISBLANK(MARKS!F16)),IF(MARKS!F16>=75,4,IF(MARKS!F16>=50,3,IF(MARKS!F16>=25,2,1))),"") -> 4 | G16: =IF(NOT(ISBLANK(MARKS!G16)),IF(MARKS!G16>=75,4,IF(MARKS!G16>=50,3,IF(MARKS!G16>=25,2,1))),"") -> 3 | H16: =IF(NOT(ISBLANK(MARKS!H16)),IF(MARKS!H16>=75,4,IF(MARKS!H16>=50,3,IF(MARKS!H16>=25,2,1))),"") -> 3 | I16: =IF(NOT(ISBLANK(MARKS!I16)),IF(MARKS!I16>=75,4,IF(MARKS!I16>=50,3,IF(MARKS!I16>=25,2,1))),"") -> 3 | J16: =IF(NOT(ISBLANK(MARKS!J16)),IF(MARKS!J16>=75,4,IF(MARKS!J16>=50,3,IF(MARKS!J16>=25,2,1))),"") -> 4 | K16: =IF(NOT(ISBLANK(MARKS!K16)),IF(MARKS!K16>=75,4,IF(MARKS!K16>=50,3,IF(MARKS!K16>=25,2,1))),"") -> 3 | L16: =IF(NOT(ISBLANK(MARKS!L16)),IF(MARKS!L16>=75,4,IF(MARKS!L16>=50,3,IF(MARKS!L16>=25,2,1))),"") -> 3 | M16: =SUM(E16:L16) -> 26 | N16: =_xlfn.RANK.EQ(M16,$M$7:$M$34) -> 8
B17: =MARKS!B17 -> 11 | C17: =MARKS!C17 -> Mohammed Abdulaziz | D17: =MARKS!D17 -> M | E17: =IF(NOT(ISBLANK(MARKS!E17)),IF(MARKS!E17>=75,4,IF(MARKS!E17>=50,3,IF(MARKS!E17>=25,2,1))),"") -> 3 | F17: =IF(NOT(ISBLANK(MARKS!F17)),IF(MARKS!F17>=75,4,IF(MARKS!F17>=50,3,IF(MARKS!F17>=25,2,1))),"") -> 4 | G17: =IF(NOT(ISBLANK(MARKS!G17)),IF(MARKS!G17>=75,4,IF(MARKS!G17>=50,3,IF(MARKS!G17>=25,2,1))),"") -> 3 | H17: =IF(NOT(ISBLANK(MARKS!H17)),IF(MARKS!H17>=75,4,IF(MARKS!H17>=50,3,IF(MARKS!H17>=25,2,1))),"") -> 3 | I17: =IF(NOT(ISBLANK(MARKS!I17)),IF(MARKS!I17>=75,4,IF(MARKS!I17>=50,3,IF(MARKS!I17>=25,2,1))),"") -> 2 | J17: =IF(NOT(ISBLANK(MARKS!J17)),IF(MARKS!J17>=75,4,IF(MARKS!J17>=50,3,IF(MARKS!J17>=25,2,1))),"") -> 4 | K17: =IF(NOT(ISBLANK(MARKS!K17)),IF(MARKS!K17>=75,4,IF(MARKS!K17>=50,3,IF(MARKS!K17>=25,2,1))),"") -> 3 | L17: =IF(NOT(ISBLANK(MARKS!L17)),IF(MARKS!L17>=75,4,IF(MARKS!L17>=50,3,IF(MARKS!L17>=25,2,1))),"") -> 3 | M17: =SUM(E17:L17) -> 25 | N17: =_xlfn.RANK.EQ(M17,$M$7:$M$34) -> 11
B18: =MARKS!B18 -> 12 | C18: =MARKS!C18 -> Mohammed Hassan | D18: =MARKS!D18 -> M | E18: =IF(NOT(ISBLANK(MARKS!E18)),IF(MARKS!E18>=75,4,IF(MARKS!E18>=50,3,IF(MARKS!E18>=25,2,1))),"") -> 3 | F18: =IF(NOT(ISBLANK(MARKS!F18)),IF(MARKS!F18>=75,4,IF(MARKS!F18>=50,3,IF(MARKS!F18>=25,2,1))),"") -> 4 | G18: =IF(NOT(ISBLANK(MARKS!G18)),IF(MARKS!G18>=75,4,IF(MARKS!G18>=50,3,IF(MARKS!G18>=25,2,1))),"") -> 3 | H18: =IF(NOT(ISBLANK(MARKS!H18)),IF(MARKS!H18>=75,4,IF(MARKS!H18>=50,3,IF(MARKS!H18>=25,2,1))),"") -> 3 | I18: =IF(NOT(ISBLANK(MARKS!I18)),IF(MARKS!I18>=75,4,IF(MARKS!I18>=50,3,IF(MARKS!I18>=25,2,1))),"") -> 3 | J18: =IF(NOT(ISBLANK(MARKS!J18)),IF(MARKS!J18>=75,4,IF(MARKS!J18>=50,3,IF(MARKS!J18>=25,2,1))),"") -> 3 | K18: =IF(NOT(ISBLANK(MARKS!K18)),IF(MARKS!K18>=75,4,IF(MARKS!K18>=50,3,IF(MARKS!K18>=25,2,1))),"") -> 3 | L18: =IF(NOT(ISBLANK(MARKS!L18)),IF(MARKS!L18>=75,4,IF(MARKS!L18>=50,3,IF(MARKS!L18>=25,2,1))),"") -> 4 | M18: =SUM(E18:L18) -> 26 | N18: =_xlfn.RANK.EQ(M18,$M$7:$M$34) -> 8
B19: =MARKS!B19 -> 13 | C19: =MARKS!C19 -> Ummulkulthum Ibrahim | D19: =MARKS!D19 -> F | E19: =IF(NOT(ISBLANK(MARKS!E19)),IF(MARKS!E19>=75,4,IF(MARKS!E19>=50,3,IF(MARKS!E19>=25,2,1))),"") -> 3 | F19: =IF(NOT(ISBLANK(MARKS!F19)),IF(MARKS!F19>=75,4,IF(MARKS!F19>=50,3,IF(MARKS!F19>=25,2,1))),"") -> 3 | G19: =IF(NOT(ISBLANK(MARKS!G19)),IF(MARKS!G19>=75,4,IF(MARKS!G19>=50,3,IF(MARKS!G19>=25,2,1))),"") -> 2 | H19: =IF(NOT(ISBLANK(MARKS!H19)),IF(MARKS!H19>=75,4,IF(MARKS!H19>=50,3,IF(MARKS!H19>=25,2,1))),"") -> 3 | I19: =IF(NOT(ISBLANK(MARKS!I19)),IF(MARKS!I19>=75,4,IF(MARKS!I19>=50,3,IF(MARKS!I19>=25,2,1))),"") -> 3 | J19: =IF(NOT(ISBLANK(MARKS!J19)),IF(MARKS!J19>=75,4,IF(MARKS!J19>=50,3,IF(MARKS!J19>=25,2,1))),"") -> 3 | K19: =IF(NOT(ISBLANK(MARKS!K19)),IF(MARKS!K19>=75,4,IF(MARKS!K19>=50,3,IF(MARKS!K19>=25,2,1))),"") -> 3 | L19: =IF(NOT(ISBLANK(MARKS!L19)),IF(MARKS!L19>=75,4,IF(MARKS!L19>=50,3,IF(MARKS!L19>=25,2,1))),"") -> 3 | M19: =SUM(E19:L19) -> 23 | N19: =_xlfn.RANK.EQ(M19,$M$7:$M$34) -> 16
B20: =MARKS!B20 -> 14 | C20: =MARKS!C20 -> Fatma Shariff | D20: =MARKS!D20 -> F | E20: =IF(NOT(ISBLANK(MARKS!E20)),IF(MARKS!E20>=75,4,IF(MARKS!E20>=50,3,IF(MARKS!E20>=25,2,1))),"") -> 3 | F20: =IF(NOT(ISBLANK(MARKS!F20)),IF(MARKS!F20>=75,4,IF(MARKS!F20>=50,3,IF(MARKS!F20>=25,2,1))),"") -> 3 | G20: =IF(NOT(ISBLANK(MARKS!G20)),IF(MARKS!G20>=75,4,IF(MARKS!G20>=50,3,IF(MARKS!G20>=25,2,1))),"") -> 3 | H20: =IF(NOT(ISBLANK(MARKS!H20)),IF(MARKS!H20>=75,4,IF(MARKS!H20>=50,3,IF(MARKS!H20>=25,2,1))),"") -> 3 | I20: =IF(NOT(ISBLANK(MARKS!I20)),IF(MARKS!I20>=75,4,IF(MARKS!I20>=50,3,IF(MARKS!I20>=25,2,1))),"") -> 3 | J20: =IF(NOT(ISBLANK(MARKS!J20)),IF(MARKS!J20>=75,4,IF(MARKS!J20>=50,3,IF(MARKS!J20>=25,2,1))),"") -> 3 | K20: =IF(NOT(ISBLANK(MARKS!K20)),IF(MARKS!K20>=75,4,IF(MARKS!K20>=50,3,IF(MARKS!K20>=25,2,1))),"") -> 3 | L20: =IF(NOT(ISBLANK(MARKS!L20)),IF(MARKS!L20>=75,4,IF(MARKS!L20>=50,3,IF(MARKS!L20>=25,2,1))),"") -> 3 | M20: =SUM(E20:L20) -> 24 | N20: =_xlfn.RANK.EQ(M20,$M$7:$M$34) -> 13
B21: =MARKS!B21 -> 15 | C21: =MARKS!C22 -> Maryam Yusuf | D21: =MARKS!D22 -> M | E21: =IF(NOT(ISBLANK(MARKS!E21)),IF(MARKS!E21>=75,4,IF(MARKS!E21>=50,3,IF(MARKS!E21>=25,2,1))),"") -> 3 | F21: =IF(NOT(ISBLANK(MARKS!F21)),IF(MARKS!F21>=75,4,IF(MARKS!F21>=50,3,IF(MARKS!F21>=25,2,1))),"") -> 3 | G21: =IF(NOT(ISBLANK(MARKS!G21)),IF(MARKS!G21>=75,4,IF(MARKS!G21>=50,3,IF(MARKS!G21>=25,2,1))),"") -> 2 | H21: =IF(NOT(ISBLANK(MARKS!H21)),IF(MARKS!H21>=75,4,IF(MARKS!H21>=50,3,IF(MARKS!H21>=25,2,1))),"") -> 3 | I21: =IF(NOT(ISBLANK(MARKS!I21)),IF(MARKS!I21>=75,4,IF(MARKS!I21>=50,3,IF(MARKS!I21>=25,2,1))),"") -> 3 | J21: =IF(NOT(ISBLANK(MARKS!J21)),IF(MARKS!J21>=75,4,IF(MARKS!J21>=50,3,IF(MARKS!J21>=25,2,1))),"") -> 2 | K21: =IF(NOT(ISBLANK(MARKS!K21)),IF(MARKS!K21>=75,4,IF(MARKS!K21>=50,3,IF(MARKS!K21>=25,2,1))),"") -> 4 | L21: =IF(NOT(ISBLANK(MARKS!L21)),IF(MARKS!L21>=75,4,IF(MARKS!L21>=50,3,IF(MARKS!L21>=25,2,1))),"") -> 3 | M21: =SUM(E21:L21) -> 23 | N21: =_xlfn.RANK.EQ(M21,$M$7:$M$34) -> 16
B22: =MARKS!B22 -> 16 | C22: =MARKS!C23 -> Najah Mohammed | D22: =MARKS!D23 -> F | E22: =IF(NOT(ISBLANK(MARKS!E22)),IF(MARKS!E22>=75,4,IF(MARKS!E22>=50,3,IF(MARKS!E22>=25,2,1))),"") -> 3 | F22: =IF(NOT(ISBLANK(MARKS!F22)),IF(MARKS!F22>=75,4,IF(MARKS!F22>=50,3,IF(MARKS!F22>=25,2,1))),"") -> 4 | G22: =IF(NOT(ISBLANK(MARKS!G22)),IF(MARKS!G22>=75,4,IF(MARKS!G22>=50,3,IF(MARKS!G22>=25,2,1))),"") -> 2 | H22: =IF(NOT(ISBLANK(MARKS!H22)),IF(MARKS!H22>=75,4,IF(MARKS!H22>=50,3,IF(MARKS!H22>=25,2,1))),"") -> 3 | I22: =IF(NOT(ISBLANK(MARKS!I22)),IF(MARKS!I22>=75,4,IF(MARKS!I22>=50,3,IF(MARKS!I22>=25,2,1))),"") -> 3 | J22: =IF(NOT(ISBLANK(MARKS!J22)),IF(MARKS!J22>=75,4,IF(MARKS!J22>=50,3,IF(MARKS!J22>=25,2,1))),"") -> 3 | K22: =IF(NOT(ISBLANK(MARKS!K22)),IF(MARKS!K22>=75,4,IF(MARKS!K22>=50,3,IF(MARKS!K22>=25,2,1))),"") -> 3 | L22: =IF(NOT(ISBLANK(MARKS!L22)),IF(MARKS!L22>=75,4,IF(MARKS!L22>=50,3,IF(MARKS!L22>=25,2,1))),"") -> 3 | M22: =SUM(E22:L22) -> 24 | N22: =_xlfn.RANK.EQ(M22,$M$7:$M$34) -> 13
B23: =MARKS!B23 -> 17 | C23: =MARKS!C24 -> Mahir Yussuf | D23: =MARKS!D24 -> M | E23: =IF(NOT(ISBLANK(MARKS!E23)),IF(MARKS!E23>=75,4,IF(MARKS!E23>=50,3,IF(MARKS!E23>=25,2,1))),"") -> 3 | F23: =IF(NOT(ISBLANK(MARKS!F23)),IF(MARKS!F23>=75,4,IF(MARKS!F23>=50,3,IF(MARKS!F23>=25,2,1))),"") -> 3 | G23: =IF(NOT(ISBLANK(MARKS!G23)),IF(MARKS!G23>=75,4,IF(MARKS!G23>=50,3,IF(MARKS!G23>=25,2,1))),"") -> 3 | H23: =IF(NOT(ISBLANK(MARKS!H23)),IF(MARKS!H23>=75,4,IF(MARKS!H23>=50,3,IF(MARKS!H23>=25,2,1))),"") -> 3 | I23: =IF(NOT(ISBLANK(MARKS!I23)),IF(MARKS!I23>=75,4,IF(MARKS!I23>=50,3,IF(MARKS!I23>=25,2,1))),"") -> 2 | J23: =IF(NOT(ISBLANK(MARKS!J23)),IF(MARKS!J23>=75,4,IF(MARKS!J23>=50,3,IF(MARKS!J23>=25,2,1))),"") -> 3 | K23: =IF(NOT(ISBLANK(MARKS!K23)),IF(MARKS!K23>=75,4,IF(MARKS!K23>=50,3,IF(MARKS!K23>=25,2,1))),"") -> 3 | L23: =IF(NOT(ISBLANK(MARKS!L23)),IF(MARKS!L23>=75,4,IF(MARKS!L23>=50,3,IF(MARKS!L23>=25,2,1))),"") -> 3 | M23: =SUM(E23:L23) -> 23 | N23: =_xlfn.RANK.EQ(M23,$M$7:$M$34) -> 16
B24: =MARKS!B24 -> 18 | C24: =MARKS!C27 -> Ahmad Mubarak | D24: =MARKS!D27 -> M | E24: =IF(NOT(ISBLANK(MARKS!E24)),IF(MARKS!E24>=75,4,IF(MARKS!E24>=50,3,IF(MARKS!E24>=25,2,1))),"") -> 3 | F24: =IF(NOT(ISBLANK(MARKS!F24)),IF(MARKS!F24>=75,4,IF(MARKS!F24>=50,3,IF(MARKS!F24>=25,2,1))),"") -> 3 | G24: =IF(NOT(ISBLANK(MARKS!G24)),IF(MARKS!G24>=75,4,IF(MARKS!G24>=50,3,IF(MARKS!G24>=25,2,1))),"") -> 3 | H24: =IF(NOT(ISBLANK(MARKS!H24)),IF(MARKS!H24>=75,4,IF(MARKS!H24>=50,3,IF(MARKS!H24>=25,2,1))),"") -> 3 | I24: =IF(NOT(ISBLANK(MARKS!I24)),IF(MARKS!I24>=75,4,IF(MARKS!I24>=50,3,IF(MARKS!I24>=25,2,1))),"") -> 3 | J24: =IF(NOT(ISBLANK(MARKS!J24)),IF(MARKS!J24>=75,4,IF(MARKS!J24>=50,3,IF(MARKS!J24>=25,2,1))),"") -> 3 | K24: =IF(NOT(ISBLANK(MARKS!K24)),IF(MARKS!K24>=75,4,IF(MARKS!K24>=50,3,IF(MARKS!K24>=25,2,1))),"") -> 3 | L24: =IF(NOT(ISBLANK(MARKS!L24)),IF(MARKS!L24>=75,4,IF(MARKS!L24>=50,3,IF(MARKS!L24>=25,2,1))),"") -> 3 | M24: =SUM(E24:L24) -> 24 | N24: =_xlfn.RANK.EQ(M24,$M$7:$M$34) -> 13
B25: =MARKS!B25 -> 19 | C25: =MARKS!C28 -> Ummulkheir Hamza | D25: =MARKS!D28 -> F | E25: =IF(NOT(ISBLANK(MARKS!E25)),IF(MARKS!E25>=75,4,IF(MARKS!E25>=50,3,IF(MARKS!E25>=25,2,1))),"") -> 3 | F25: =IF(NOT(ISBLANK(MARKS!F25)),IF(MARKS!F25>=75,4,IF(MARKS!F25>=50,3,IF(MARKS!F25>=25,2,1))),"") -> 3 | G25: =IF(NOT(ISBLANK(MARKS!G25)),IF(MARKS!G25>=75,4,IF(MARKS!G25>=50,3,IF(MARKS!G25>=25,2,1))),"") -> 3 | H25: =IF(NOT(ISBLANK(MARKS!H25)),IF(MARKS!H25>=75,4,IF(MARKS!H25>=50,3,IF(MARKS!H25>=25,2,1))),"") -> 3 | I25: =IF(NOT(ISBLANK(MARKS!I25)),IF(MARKS!I25>=75,4,IF(MARKS!I25>=50,3,IF(MARKS!I25>=25,2,1))),"") -> 2 | J25: =IF(NOT(ISBLANK(MARKS!J25)),IF(MARKS!J25>=75,4,IF(MARKS!J25>=50,3,IF(MARKS!J25>=25,2,1))),"") -> 3 | K25: =IF(NOT(ISBLANK(MARKS!K25)),IF(MARKS!K25>=75,4,IF(MARKS!K25>=50,3,IF(MARKS!K25>=25,2,1))),"") -> 3 | L25: =IF(NOT(ISBLANK(MARKS!L25)),IF(MARKS!L25>=75,4,IF(MARKS!L25>=50,3,IF(MARKS!L25>=25,2,1))),"") -> 3 | M25: =SUM(E25:L25) -> 23 | N25: =_xlfn.RANK.EQ(M25,$M$7:$M$34) -> 16
B26: =MARKS!B26 -> 20 | C26: =MARKS!C21 -> Aisha Adan | D26: =MARKS!D21 -> F | E26: =IF(NOT(ISBLANK(MARKS!E26)),IF(MARKS!E26>=75,4,IF(MARKS!E26>=50,3,IF(MARKS!E26>=25,2,1))),"") -> 3 | F26: =IF(NOT(ISBLANK(MARKS!F26)),IF(MARKS!F26>=75,4,IF(MARKS!F26>=50,3,IF(MARKS!F26>=25,2,1))),"") -> 3 | G26: =IF(NOT(ISBLANK(MARKS!G26)),IF(MARKS!G26>=75,4,IF(MARKS!G26>=50,3,IF(MARKS!G26>=25,2,1))),"") -> 2 | H26: =IF(NOT(ISBLANK(MARKS!H26)),IF(MARKS!H26>=75,4,IF(MARKS!H26>=50,3,IF(MARKS!H26>=25,2,1))),"") -> 3 | I26: =IF(NOT(ISBLANK(MARKS!I26)),IF(MARKS!I26>=75,4,IF(MARKS!I26>=50,3,IF(MARKS!I26>=25,2,1))),"") -> 2 | J26: =IF(NOT(ISBLANK(MARKS!J26)),IF(MARKS!J26>=75,4,IF(MARKS!J26>=50,3,IF(MARKS!J26>=25,2,1))),"") -> 3 | K26: =IF(NOT(ISBLANK(MARKS!K26)),IF(MARKS!K26>=75,4,IF(MARKS!K26>=50,3,IF(MARKS!K26>=25,2,1))),"") -> 3 | L26: =IF(NOT(ISBLANK(MARKS!L26)),IF(MARKS!L26>=75,4,IF(MARKS!L26>=50,3,IF(MARKS!L26>=25,2,1))),"") -> 3 | M26: =SUM(E26:L26) -> 22 | N26: =_xlfn.RANK.EQ(M26,$M$7:$M$34) -> 20
B27: =MARKS!B27 -> 21 | C27: =MARKS!C25 -> Abdulhafidh Ahmed | D27: =MARKS!D25 -> M | E27: =IF(NOT(ISBLANK(MARKS!E27)),IF(MARKS!E27>=75,4,IF(MARKS!E27>=50,3,IF(MARKS!E27>=25,2,1))),"") -> 2 | F27: =IF(NOT(ISBLANK(MARKS!F27)),IF(MARKS!F27>=75,4,IF(MARKS!F27>=50,3,IF(MARKS!F27>=25,2,1))),"") -> 3 | G27: =IF(NOT(ISBLANK(MARKS!G27)),IF(MARKS!G27>=75,4,IF(MARKS!G27>=50,3,IF(MARKS!G27>=25,2,1))),"") -> 3 | H27: =IF(NOT(ISBLANK(MARKS!H27)),IF(MARKS!H27>=75,4,IF(MARKS!H27>=50,3,IF(MARKS!H27>=25,2,1))),"") -> 3 | I27: =IF(NOT(ISBLANK(MARKS!I27)),IF(MARKS!I27>=75,4,IF(MARKS!I27>=50,3,IF(MARKS!I27>=25,2,1))),"") -> 2 | J27: =IF(NOT(ISBLANK(MARKS!J27)),IF(MARKS!J27>=75,4,IF(MARKS!J27>=50,3,IF(MARKS!J27>=25,2,1))),"") -> 2 | K27: =IF(NOT(ISBLANK(MARKS!K27)),IF(MARKS!K27>=75,4,IF(MARKS!K27>=50,3,IF(MARKS!K27>=25,2,1))),"") -> 3 | L27: =IF(NOT(ISBLANK(MARKS!L27)),IF(MARKS!L27>=75,4,IF(MARKS!L27>=50,3,IF(MARKS!L27>=25,2,1))),"") -> 3 | M27: =SUM(E27:L27) -> 21 | N27: =_xlfn.RANK.EQ(M27,$M$7:$M$34) -> 22
B28: =MARKS!B28 -> 22 | C28: =MARKS!C26 -> Bushra Abdurahman | D28: =MARKS!D26 -> F | E28: =IF(NOT(ISBLANK(MARKS!E28)),IF(MARKS!E28>=75,4,IF(MARKS!E28>=50,3,IF(MARKS!E28>=25,2,1))),"") -> 2 | F28: =IF(NOT(ISBLANK(MARKS!F28)),IF(MARKS!F28>=75,4,IF(MARKS!F28>=50,3,IF(MARKS!F28>=25,2,1))),"") -> 3 | G28: =IF(NOT(ISBLANK(MARKS!G28)),IF(MARKS!G28>=75,4,IF(MARKS!G28>=50,3,IF(MARKS!G28>=25,2,1))),"") -> 3 | H28: =IF(NOT(ISBLANK(MARKS!H28)),IF(MARKS!H28>=75,4,IF(MARKS!H28>=50,3,IF(MARKS!H28>=25,2,1))),"") -> 3 | I28: =IF(NOT(ISBLANK(MARKS!I28)),IF(MARKS!I28>=75,4,IF(MARKS!I28>=50,3,IF(MARKS!I28>=25,2,1))),"") -> 3 | J28: =IF(NOT(ISBLANK(MARKS!J28)),IF(MARKS!J28>=75,4,IF(MARKS!J28>=50,3,IF(MARKS!J28>=25,2,1))),"") -> 2 | K28: =IF(NOT(ISBLANK(MARKS!K28)),IF(MARKS!K28>=75,4,IF(MARKS!K28>=50,3,IF(MARKS!K28>=25,2,1))),"") -> 3 | L28: =IF(NOT(ISBLANK(MARKS!L28)),IF(MARKS!L28>=75,4,IF(MARKS!L28>=50,3,IF(MARKS!L28>=25,2,1))),"") -> 3 | M28: =SUM(E28:L28) -> 22 | N28: =_xlfn.RANK.EQ(M28,$M$7:$M$34) -> 20
B29: =MARKS!B29 -> 23 | C29: =MARKS!C29 -> Mwanamisi Ali | D29: =MARKS!D29 -> F | E29: =IF(NOT(ISBLANK(MARKS!E29)),IF(MARKS!E29>=75,4,IF(MARKS!E29>=50,3,IF(MARKS!E29>=25,2,1))),"") -> 2 | F29: =IF(NOT(ISBLANK(MARKS!F29)),IF(MARKS!F29>=75,4,IF(MARKS!F29>=50,3,IF(MARKS!F29>=25,2,1))),"") -> 3 | G29: =IF(NOT(ISBLANK(MARKS!G29)),IF(MARKS!G29>=75,4,IF(MARKS!G29>=50,3,IF(MARKS!G29>=25,2,1))),"") -> 3 | H29: =IF(NOT(ISBLANK(MARKS!H29)),IF(MARKS!H29>=75,4,IF(MARKS!H29>=50,3,IF(MARKS!H29>=25,2,1))),"") -> 3 | I29: =IF(NOT(ISBLANK(MARKS!I29)),IF(MARKS!I29>=75,4,IF(MARKS!I29>=50,3,IF(MARKS!I29>=25,2,1))),"") -> 3 | J29: =IF(NOT(ISBLANK(MARKS!J29)),IF(MARKS!J29>=75,4,IF(MARKS!J29>=50,3,IF(MARKS!J29>=25,2,1))),"") -> 3 | K29: =IF(NOT(ISBLANK(MARKS!K29)),IF(MARKS!K29>=75,4,IF(MARKS!K29>=50,3,IF(MARKS!K29>=25,2,1))),"") -> 2 | L29: =IF(NOT(ISBLANK(MARKS!L29)),IF(MARKS!L29>=75,4,IF(MARKS!L29>=50,3,IF(MARKS!L29>=25,2,1))),"") -> 2 | M29: =SUM(E29:L29) -> 21 | N29: =_xlfn.RANK.EQ(M29,$M$7:$M$34) -> 22
B30: =MARKS!B30 -> 24 | C30: =MARKS!C30 -> Abdulatif Ahmed | D30: =MARKS!D30 -> M | E30: =IF(NOT(ISBLANK(MARKS!E30)),IF(MARKS!E30>=75,4,IF(MARKS!E30>=50,3,IF(MARKS!E30>=25,2,1))),"") -> 3 | F30: =IF(NOT(ISBLANK(MARKS!F30)),IF(MARKS!F30>=75,4,IF(MARKS!F30>=50,3,IF(MARKS!F30>=25,2,1))),"") -> 3 | G30: =IF(NOT(ISBLANK(MARKS!G30)),IF(MARKS!G30>=75,4,IF(MARKS!G30>=50,3,IF(MARKS!G30>=25,2,1))),"") -> 3 | H30: =IF(NOT(ISBLANK(MARKS!H30)),IF(MARKS!H30>=75,4,IF(MARKS!H30>=50,3,IF(MARKS!H30>=25,2,1))),"") -> 2 | I30: =IF(NOT(ISBLANK(MARKS!I30)),IF(MARKS!I30>=75,4,IF(MARKS!I30>=50,3,IF(MARKS!I30>=25,2,1))),"") -> 3 | J30: =IF(NOT(ISBLANK(MARKS!J30)),IF(MARKS!J30>=75,4,IF(MARKS!J30>=50,3,IF(MARKS!J30>=25,2,1))),"") -> 2 | K30: =IF(NOT(ISBLANK(MARKS!K30)),IF(MARKS!K30>=75,4,IF(MARKS!K30>=50,3,IF(MARKS!K30>=25,2,1))),"") -> 3 | L30: =IF(NOT(ISBLANK(MARKS!L30)),IF(MARKS!L30>=75,4,IF(MARKS!L30>=50,3,IF(MARKS!L30>=25,2,1))),"") -> 2 | M30: =SUM(E30:L30) -> 21 | N30: =_xlfn.RANK.EQ(M30,$M$7:$M$34) -> 22
B31: =MARKS!B31 -> 25 | C31: =MARKS!C31 -> Shuaib Bashir | D31: =MARKS!D31 -> M | E31: =IF(NOT(ISBLANK(MARKS!E31)),IF(MARKS!E31>=75,4,IF(MARKS!E31>=50,3,IF(MARKS!E31>=25,2,1))),"") -> 2 | F31: =IF(NOT(ISBLANK(MARKS!F31)),IF(MARKS!F31>=75,4,IF(MARKS!F31>=50,3,IF(MARKS!F31>=25,2,1))),"") -> 3 | G31: =IF(NOT(ISBLANK(MARKS!G31)),IF(MARKS!G31>=75,4,IF(MARKS!G31>=50,3,IF(MARKS!G31>=25,2,1))),"") -> 3 | H31: =IF(NOT(ISBLANK(MARKS!H31)),IF(MARKS!H31>=75,4,IF(MARKS!H31>=50,3,IF(MARKS!H31>=25,2,1))),"") -> 2 | I31: =IF(NOT(ISBLANK(MARKS!I31)),IF(MARKS!I31>=75,4,IF(MARKS!I31>=50,3,IF(MARKS!I31>=25,2,1))),"") -> 3 | J31: =IF(NOT(ISBLANK(MARKS!J31)),IF(MARKS!J31>=75,4,IF(MARKS!J31>=50,3,IF(MARKS!J31>=25,2,1))),"") -> 2 | K31: =IF(NOT(ISBLANK(MARKS!K31)),IF(MARKS!K31>=75,4,IF(MARKS!K31>=50,3,IF(MARKS!K31>=25,2,1))),"") -> 3 | L31: =IF(NOT(ISBLANK(MARKS!L31)),IF(MARKS!L31>=75,4,IF(MARKS!L31>=50,3,IF(MARKS!L31>=25,2,1))),"") -> 3 | M31: =SUM(E31:L31) -> 21 | N31: =_xlfn.RANK.EQ(M31,$M$7:$M$34) -> 22
B32: =MARKS!B32 -> 26 | C32: =MARKS!C32 -> Yusra Abdulatif | D32: =MARKS!D32 -> F | E32: =IF(NOT(ISBLANK(MARKS!E32)),IF(MARKS!E32>=75,4,IF(MARKS!E32>=50,3,IF(MARKS!E32>=25,2,1))),"") -> 2 | F32: =IF(NOT(ISBLANK(MARKS!F32)),IF(MARKS!F32>=75,4,IF(MARKS!F32>=50,3,IF(MARKS!F32>=25,2,1))),"") -> 4 | G32: =IF(NOT(ISBLANK(MARKS!G32)),IF(MARKS!G32>=75,4,IF(MARKS!G32>=50,3,IF(MARKS!G32>=25,2,1))),"") -> 2 | H32: =IF(NOT(ISBLANK(MARKS!H32)),IF(MARKS!H32>=75,4,IF(MARKS!H32>=50,3,IF(MARKS!H32>=25,2,1))),"") -> 3 | I32: =IF(NOT(ISBLANK(MARKS!I32)),IF(MARKS!I32>=75,4,IF(MARKS!I32>=50,3,IF(MARKS!I32>=25,2,1))),"") -> 2 | J32: =IF(NOT(ISBLANK(MARKS!J32)),IF(MARKS!J32>=75,4,IF(MARKS!J32>=50,3,IF(MARKS!J32>=25,2,1))),"") -> 2 | K32: =IF(NOT(ISBLANK(MARKS!K32)),IF(MARKS!K32>=75,4,IF(MARKS!K32>=50,3,IF(MARKS!K32>=25,2,1))),"") -> 2 | L32: =IF(NOT(ISBLANK(MARKS!L32)),IF(MARKS!L32>=75,4,IF(MARKS!L32>=50,3,IF(MARKS!L32>=25,2,1))),"") -> 3 | M32: =SUM(E32:L32) -> 20 | N32: =_xlfn.RANK.EQ(M32,$M$7:$M$34) -> 26
B33: =MARKS!B33 -> 27 | C33: =MARKS!C33 -> Umeyma Omar | D33: =MARKS!D33 -> F | E33: =IF(NOT(ISBLANK(MARKS!E33)),IF(MARKS!E33>=75,4,IF(MARKS!E33>=50,3,IF(MARKS!E33>=25,2,1))),"") -> 2 | F33: =IF(NOT(ISBLANK(MARKS!F33)),IF(MARKS!F33>=75,4,IF(MARKS!F33>=50,3,IF(MARKS!F33>=25,2,1))),"") -> 2 | G33: =IF(NOT(ISBLANK(MARKS!G33)),IF(MARKS!G33>=75,4,IF(MARKS!G33>=50,3,IF(MARKS!G33>=25,2,1))),"") -> 2 | H33: =IF(NOT(ISBLANK(MARKS!H33)),IF(MARKS!H33>=75,4,IF(MARKS!H33>=50,3,IF(MARKS!H33>=25,2,1))),"") -> 3 | I33: =IF(NOT(ISBLANK(MARKS!I33)),IF(MARKS!I33>=75,4,IF(MARKS!I33>=50,3,IF(MARKS!I33>=25,2,1))),"") -> 3 | J33: =IF(NOT(ISBLANK(MARKS!J33)),IF(MARKS!J33>=75,4,IF(MARKS!J33>=50,3,IF(MARKS!J33>=25,2,1))),"") -> 2 | K33: =IF(NOT(ISBLANK(MARKS!K33)),IF(MARKS!K33>=75,4,IF(MARKS!K33>=50,3,IF(MARKS!K33>=25,2,1))),"") -> 2 | L33: =IF(NOT(ISBLANK(MARKS!L33)),IF(MARKS!L33>=75,4,IF(MARKS!L33>=50,3,IF(MARKS!L33>=25,2,1))),"") -> 3 | M33: =SUM(E33:L33) -> 19 | N33: =_xlfn.RANK.EQ(M33,$M$7:$M$34) -> 27
B34: =MARKS!B34 -> 28 | C34: =MARKS!C34 -> Balqis Abdirahman | D34: =MARKS!D34 -> F | E34: =IF(NOT(ISBLANK(MARKS!E34)),IF(MARKS!E34>=75,4,IF(MARKS!E34>=50,3,IF(MARKS!E34>=25,2,1))),"") -> 2 | F34: =IF(NOT(ISBLANK(MARKS!F34)),IF(MARKS!F34>=75,4,IF(MARKS!F34>=50,3,IF(MARKS!F34>=25,2,1))),"") -> 2 | G34: =IF(NOT(ISBLANK(MARKS!G34)),IF(MARKS!G34>=75,4,IF(MARKS!G34>=50,3,IF(MARKS!G34>=25,2,1))),"") -> 2 | H34: =IF(NOT(ISBLANK(MARKS!H34)),IF(MARKS!H34>=75,4,IF(MARKS!H34>=50,3,IF(MARKS!H34>=25,2,1))),"") -> 2 | I34: =IF(NOT(ISBLANK(MARKS!I34)),IF(MARKS!I34>=75,4,IF(MARKS!I34>=50,3,IF(MARKS!I34>=25,2,1))),"") -> 2 | J34: =IF(NOT(ISBLANK(MARKS!J34)),IF(MARKS!J34>=75,4,IF(MARKS!J34>=50,3,IF(MARKS!J34>=25,2,1))),"") -> 2 | K34: =IF(NOT(ISBLANK(MARKS!K34)),IF(MARKS!K34>=75,4,IF(MARKS!K34>=50,3,IF(MARKS!K34>=25,2,1))),"") -> 2 | L34: =IF(NOT(ISBLANK(MARKS!L34)),IF(MARKS!L34>=75,4,IF(MARKS!L34>=50,3,IF(MARKS!L34>=25,2,1))),"") -> 1 | M34: =SUM(E34:L34) -> 15 | N34: =_xlfn.RANK.EQ(M34,$M$7:$M$34) -> 28
C35: TOTAL | E35: =SUM(E7:E34) -> 80 | F35: =SUM(F7:F34) -> 89 | G35: =SUM(G7:G34) -> 80 | H35: =SUM(H7:H34) -> 83 | I35: =SUM(I7:I34) -> 77 | J35: =SUM(J7:J34) -> 84 | K35: =SUM(K7:K34) -> 87 | L35: =SUM(L7:L34) -> 90
C36: MEAN SCORE | E36: =AVERAGE(E7:E34) -> 2.8571429 | F36: =AVERAGE(F7:F34) -> 3.1785714 | G36: =AVERAGE(G7:G34) -> 2.8571429 | H36: =AVERAGE(H7:H34) -> 2.9642857 | I36: =AVERAGE(I7:I34) -> 2.75 | J36: =AVERAGE(J7:J34) -> 3 | K36: =AVERAGE(K7:K34) -> 3.1071429 | L36: =AVERAGE(L7:L34) -> 3.2142857
C37: RANK | E37: =RANK(E36,$E$36:$L$36) -> 6 | F37: =RANK(F36,$E$36:$L$36) -> 2 | G37: =RANK(G36,$E$36:$L$36) -> 6 | H37: =RANK(H36,$E$36:$L$36) -> 5 | I37: =RANK(I36,$E$36:$L$36) -> 8 | J37: =RANK(J36,$E$36:$L$36) -> 4 | K37: =RANK(K36,$E$36:$L$36) -> 3 | L37: =RANK(L36,$E$36:$L$36) -> 1
B39: Printed on | D39: =MARKS!D39 -> Monday, September 29, 2025 | K39: Mr. Wekesa
